2025-11-09_16-43-51,0,draft.py:2025-11-09_16-43-51
2025-11-09_16-56-23,---,draft.py:2025-11-09_16-56-23
2025-11-09_17-18-16,---,draft.py:2025-11-09_17-18-16
2025-11-09_17-28-01,---,draft.py:2025-11-09_17-28-01
2025-11-09_17-41-15,0,draft.py:2025-11-09_17-41-15
2025-11-09_17-41-24,0,draft.py:2025-11-09_17-41-24
2025-11-09_17-42-11,0,draft.py:2025-11-09_17-42-11
2025-11-09_17-42-12,0,draft.py:2025-11-09_17-42-11
2025-11-09_17-44-10,0,draft.py:2025-11-09_17-44-10
2025-11-09_17-44-15,0,draft.py:2025-11-09_17-44-10
2025-11-09_17-44-16,0,draft.py:2025-11-09_17-44-10
2025-11-09_17-45-18,0,draft.py:2025-11-09_17-45-18
2025-11-09_17-45-47,0,draft.py:2025-11-09_17-45-47
2025-11-09_17-45-52,0,draft.py:2025-11-09_17-45-52
2025-11-09_17-46-06,0,draft.py:2025-11-09_17-45-52
2025-11-09_17-46-07,0,draft.py:2025-11-09_17-46-07
2025-11-09_17-46-12,0,draft.py:2025-11-09_17-46-07
2025-11-09_17-46-13,0,draft.py:2025-11-09_17-46-13
2025-11-09_17-51-15,10,draft.py:2025-11-09_17-51-15
2025-11-09_17-51-20,10,draft.py:2025-11-09_17-51-15
2025-11-09_17-54-16,10,draft.py:2025-11-09_17-54-16
2025-11-09_17-54-17,10,draft.py:2025-11-09_17-54-16
2025-11-09_17-54-46,30,draft.py:2025-11-09_17-54-46
2025-11-09_17-54-46,30,draft.py:2025-11-09_17-54-46
2025-11-09_17-55-53,20,draft.py:2025-11-09_17-55-53
2025-11-09_17-55-54,20,draft.py:2025-11-09_17-55-53
2025-11-09_17-56-02,20,draft.py:2025-11-09_17-55-53
2025-11-09_17-56-03,40,draft.py:2025-11-09_17-56-03
2025-11-09_17-57-41,30,draft.py:2025-11-09_17-57-41
2025-11-09_17-57-42,30,draft.py:2025-11-09_17-57-41
2025-11-09_17-58-00,50,draft.py:2025-11-09_17-58-00
2025-11-09_17-58-23,50,draft.py:2025-11-09_17-58-23
2025-11-09_17-59-42,70,draft.py:2025-11-09_17-59-42
2025-11-09_17-59-59,70,draft.py:2025-11-09_17-59-59
2025-11-09_18-00-01,90,draft.py:2025-11-09_17-59-59
2025-11-09_18-00-45,100,draft.py:2025-11-09_18-00-45
