2025-11-19_21-34-11,0,draft.py:2025-11-19_21-34-11
2025-11-19_21-56-29,100,draft.py:2025-11-19_21-56-29
2025-11-19_22-05-42,---,draft.py:2025-11-19_22-05-42
2025-11-19_22-09-26,0,draft.py:2025-11-19_22-09-26
2025-11-19_22-09-33,0,draft.py:2025-11-19_22-09-26
2025-11-19_22-10-12,0,draft.py:2025-11-19_22-10-12
2025-11-19_22-10-32,0,draft.py:2025-11-19_22-10-32
2025-11-19_22-10-45,0,draft.py:2025-11-19_22-10-45
2025-11-19_22-12-01,0,draft.py:2025-11-19_22-12-01
2025-11-19_22-19-04,---,draft.py:2025-11-19_22-19-04
2025-11-19_22-19-10,0,draft.py:2025-11-19_22-19-04
2025-11-19_22-28-52,0,draft.py:2025-11-19_22-28-52
2025-11-19_22-34-12,0,draft.py:2025-11-19_22-34-12
2025-11-19_22-44-18,0,draft.py:2025-11-19_22-44-18
2025-11-19_22-45-04,0,draft.py:2025-11-19_22-45-04
2025-11-19_23-03-36,0,draft.py:2025-11-19_23-03-36
2025-11-19_23-05-59,0,draft.py:2025-11-19_23-05-59
2025-11-19_23-06-04,0,draft.py:2025-11-19_23-05-59
2025-11-19_23-09-00,0,draft.py:2025-11-19_23-09-00
2025-11-19_23-09-06,0,draft.py:2025-11-19_23-09-06
2025-11-19_23-11-46,0,draft.py:2025-11-19_23-11-46
2025-11-19_23-12-58,0,draft.py:2025-11-19_23-12-58
2025-11-19_23-13-56,0,draft.py:2025-11-19_23-13-56
2025-11-19_23-13-58,0,draft.py:2025-11-19_23-13-56
2025-11-19_23-13-58,0,draft.py:2025-11-19_23-13-56
2025-11-19_23-14-00,0,draft.py:2025-11-19_23-13-56
2025-11-19_23-14-02,0,draft.py:2025-11-19_23-13-56
2025-11-19_23-20-05,0,draft.py:2025-11-19_23-20-05
2025-11-19_23-21-21,0,draft.py:2025-11-19_23-21-21
2025-11-19_23-21-23,0,draft.py:2025-11-19_23-21-21
2025-11-19_23-23-45,0,draft.py:2025-11-19_23-23-45
2025-11-19_23-25-15,0,draft.py:2025-11-19_23-25-15
2025-11-19_23-27-08,0,draft.py:2025-11-19_23-27-08
2025-11-19_23-35-05,0,draft.py:2025-11-19_23-35-05
